{"cifar10/proof_generation_latency_ms":3.3036698002433695,"poison_detection_rate":94.16666666666666,"cifar10/test_loss":2.3345118675231933,"round":35,"_wandb":{"runtime":1832},"mnist/verification_latency_ms":0.5036152999309707,"mnist/test_loss":0.07680941717624665,"test_accuracy_cifar10":80.6,"test_accuracy_mnist":97.54,"verification_latency_ms":2.076929468579952,"mnist/proof_generation_latency_ms":0.9559499000715732,"mnist/test_accuracy":97.54,"mnist/poison_detection_rate":100,"_runtime":1832,"_timestamp":1.782145377577474e+09,"_step":37,"proof_generation_latency_ms":2.9298212085892112,"cifar10/verification_latency_ms":1.9814838000456805,"cifar10/poison_detection_rate":100,"cifar10/test_accuracy":10}