{"mnist/poison_detection_rate":100,"mnist/verification_latency_ms":0.5036152999309707,"verification_latency_ms":1.3952941886002788,"cifar10/poison_detection_rate":100,"mnist/proof_generation_latency_ms":0.9559499000715732,"test_accuracy_cifar10":10,"_step":35,"poison_detection_rate":94.16666666666666,"proof_generation_latency_ms":2.3072707114312965,"mnist/test_loss":0.07680941717624665,"mnist/test_accuracy":97.54,"cifar10/test_loss":2.3345118675231933,"_timestamp":1.7821439707611887e+09,"round":35,"cifar10/test_accuracy":10,"cifar10/verification_latency_ms":1.9814838000456803,"_runtime":1255,"cifar10/proof_generation_latency_ms":3.3036698002433695,"_wandb":{"runtime":1255},"test_accuracy_mnist":97.54}