{"d32/proving_time_ms":17.47442330004051,"d64/proof_size_kb":6.15625,"proof_size_vs_d":49.03125,"d64/detection_rate":0,"d512/proving_time_ms":235.82346070014904,"d512/detection_rate":0,"_runtime":2982,"d256/detection_rate":0,"d32/proof_size_kb":3.09375,"d256/proof_size_kb":24.53125,"d128/test_accuracy":99.24,"d128/proof_size_kb":12.28125,"proving_time_vs_d":238.5565475899697,"poison_detection_rate_vs_d":0,"d512/proof_size_kb":49.03125,"d512/test_accuracy":99.25,"d64/test_accuracy":99.24,"d256/test_accuracy":99.25,"_step":23,"d64/proving_time_ms":35.513766099983336,"d128/proving_time_ms":68.45875310009215,"d32/detection_rate":0,"_wandb":{"runtime":2982},"d32/test_accuracy":99.24,"d256/proving_time_ms":121.90746389987473,"d128/detection_rate":0,"_timestamp":1.7821477177364273e+09}