{"cifar10/proj_norm_honest":0.046097683254629374,"cifar10/proj_norm_poison":0.051815032958984375,"_runtime":435,"_timestamp":1.782139320522519e+09,"cifar10/test_accuracy":62.88,"_step":60,"mnist/proj_norm_poison":0.03181885741651058,"mnist/test_accuracy":97.77,"cifar10/poison_detection_rate":50,"cifar10_test_accuracy":62.88,"round":60,"_wandb":{"runtime":435},"cifar10/test_loss":1.1654165452957153,"mnist/test_loss":0.07248684371821583,"mnist/proj_norm_honest":0.014224910759367049,"poison_detection_rate":62.91666666666667,"test_accuracy":80.325,"mnist/poison_detection_rate":100,"mnist_test_accuracy":97.77}