{"cifar10/verification_latency_ms":1.9814838000456805,"verification_latency_ms":2.0612894942886277,"_step":36,"mnist/proof_generation_latency_ms":0.9559499000715732,"_timestamp":1.7821448444728107e+09,"cifar10/poison_detection_rate":100,"mnist/test_accuracy":97.54,"mnist/poison_detection_rate":100,"cifar10/test_accuracy":10,"test_accuracy_mnist":97.54,"test_accuracy_cifar10":10.05,"cifar10/test_loss":2.3345118675231933,"round":35,"_runtime":1642,"cifar10/proof_generation_latency_ms":3.3036698002433695,"mnist/verification_latency_ms":0.5036152999309707,"poison_detection_rate":94.16666666666666,"proof_generation_latency_ms":2.9469843600236345,"mnist/test_loss":0.07680941717624665,"_wandb":{"runtime":1642}}